ลำดับ,เดือน,"วันที่ตรวจ
 (ระบุเฉพาะวันที่)",HN/หมายเลขตัวอย่าง,ชื่อผู้เข้ารับการตรวจปริมาณแอลกอฮอล์ในเลือด,สถานีตำรวจที่ส่งตรวจ,"ชื่อ-สกุล 
ตำรวจที่ร้องขอ",เบอร์โทรติดต่อ,ใบ ค.8,ใบ Pher,ใบนำส่งตรวจทางห้องปฏิบัติการ,วันที่ส่งตรวจ,วันที่ออกผลใน HosXP,สถานะการเบิกจ่าย,วันที่เบิกจ่าย,วันที่ได้รับเงิน,หมายเหตุ
1,ธ.ค.68,5,185543,นายแก้ว นำสายทอง,ไม่ทราบ สภ.,,,ไม่มี,ไม่มี,ไม่มี,,,ยกเลิก,,,
2,ธ.ค.68,8,108436,นายอัฎฐวี แก้ววงศ์,สภ.บ้านแซว,,,มี,มี,มี,16/1/2569,27/01/2569,เบิกจ่ายแล้ว,ส่งเบิกวันที่ 16/1/2569,17/3/2569,ส่งเบิกวันที่ 16/1/2569
3,ธ.ค.68,8,112489,น.ส.อรแสง สามสิน,สภ.บ้านแซว,,,มี,มี,มี,16/1/2569,27/01/2569,เบิกจ่ายแล้ว,ส่งเบิกวันที่ 16/1/2569,17/3/2569,ส่งเบิกวันที่ 16/1/2569
4,ธ.ค.68,26,146912,นายหลวงตาล ไทยใหญ่,สภ.เชียงแสน,,,ไม่มี,มี,มี,,,ยกเลิก,,,
5,ธ.ค.68,30,474,นางสาวนฤมล ทาแกง,สภ.เชียงแสน,,,มี,มี,มี,3/1/2569,5/1/2569,เบิกจ่ายแล้ว,ส่งเบิกวันที่ 16/1/2569,17/3/2569,ส่งเบิกวันที่ 16/1/2569
6,ธ.ค.68,31,92866,นาบธนากรณ์ เงินสัจจา,สภ.บ้านแซว,,,มี,มี,มี,3/1/2569,5/1/2569,เบิกจ่ายแล้ว,ส่งเบิกวันที่ 16/1/2569,17/3/2569,ส่งเบิกวันที่ 16/1/2569
7,ธ.ค.68,31,61036,น.ส.พัชรินทร์  ศรีราช,สภ.เชียงแสน,,,ไม่มี,มี,มี,,,ยกเลิก,,,ฝากเลือด+รอเอกสารจากตำรวจ
8,ธ.ค.68,31,44520,นายสงัด กันจิน๊ะ,สภ.บ้านแซว,,,มี,มี,มี,3/1/2569,5/1/2569,เบิกจ่ายแล้ว,ส่งเบิกวันที่ 16/1/2569,17/3/2569,ส่งเบิกวันที่ 16/1/2569
9,ธ.ค.68,31,189395,นายนพดล ชำนาญยา***,สภ.เชียงแสน,,,มี,มี,มี,ยกเลิกส่งตรวจ,ยกเลิกส่งตรวจ,ยกเลิก,,,ยกเลิกการส่งตรวจเนื่องจาก รพศ.ชร.ส่งตรวจให้เรียบร้อยแล้ว
10,ม.ค.69,1,211025,นางสาวปัทมาพร ธนะเป็ก,สภ.เชียงแสน,,,มี,มี,มี,3/1/2569,5/1/2569,เบิกจ่ายแล้ว,ส่งเบิกวันที่ 4/2/2569,08/06/2569,
11,ม.ค.69,3,106525,นายเสวก  ปรมีพรชัย,สภ.เชียงแสน,,,มี,มี,มี,9/1/2569,19/1/2569,เบิกจ่ายแล้ว,ส่งเบิกวันที่ 4/2/2569,08/06/2569,
12,ม.ค.69,29,836,นายวิเชียร  อินบุญ,สภ.เชียงแสน,,,มี,มี,มี,2/2/2569,14/2/2026,ยกเลิก,,,
13,ก.พ.69,6,136791,ด.ญ.วรพิชชา  เยี่ยมปรีชาสกุล****,สภ.บ้านแซว,,,มี,ไม่มี,ไม่มี,ยกเลิกส่งตรวจ,ยกเลิกส่งตรวจ,ยกเลิก,,,ยกเลิกการส่งตรวจเนื่องจาก รพศ.ชร.ส่งตรวจให้เรียบร้อยแล้ว
14,ก.พ.69,6,211449,น.ส.พิมพ์ชนก  แซ่จ้าง,สภ.บ้านแซว,,,มี,มี,มี,25/2/2569,9/3/2569,เบิกจ่ายแล้ว,ส่งเบิกวันที่ 26/3/2569,08/06/2569,
15,ก.พ.69,21,59610,น.ส.ไพริน  ทาแกง,สภ.เชียงแสน,,,มี,มี,มี,23/02/2569,09/03/2569,เบิกจ่ายแล้ว,ส่งเบิกวันที่ 26/3/2569,08/06/2569,
16,มี.ค.69,5,10708,นายอนุวัฒน์  นาใจ,สภ.เชียงแสน,,,มี,มี,มี,11/3/2569,20/3/2569,เบิกจ่ายแล้ว,ส่งเบิกวันที่ 10/4/2569,,
17,มี.ค.69,31,211011,นายผัด  เพชรพยอม,สภ.เชียงแสน,,,มี,มี,มี,8/4/2569,21/4/2569,เบิกจ่ายแล้ว,ส่งเบิกวันที่ 10/4/2569,,
18,เม.ย.69,12,184803,นายหล้า นามสุข ,สภ.เชีียงแสน,รตอ.อิทธิพล นิติจรัสธำรง,088-2519691,มี,มี,มี,13/4/2569,14/4/2569,เบิกจ่ายแล้ว,ส่งเบิกวันที่ 14/5/2569,,
19,เม.ย.69,15,149304,ด.ช.นัฐวุฒิ แซ่เติ๋น,สภ.บ้านแซว,รตอ.สุรกิจ วงศ์ใหญ่,081-1113254,มี,มี,มี,15/4/2569,21/4/2569,เบิกจ่ายแล้ว,ส่งเบิกวันที่ 14/5/2569,,
20,เม.ย.69,16,212322,น.ส.หญิงไม่ทราบชื่อ ไม่ทราบนามสกุล,สภ.เชียงแสน,รตอ.มงคล สุเตนัน,088-2519691,มี,มี,มี,16/4/2569,21/4/2569,เบิกจ่ายแล้ว,ส่งเบิกวันที่ 14/5/2569,,
21,เม.ย.69,16,192109,นายธวัช  จันทรศร,สภ.เชียงแสน,รตอ.อิทธิพล นิติจรัสธำรง,088-2519691,มี,มี,มี,16/4/2569,21/4/2569,เบิกจ่ายแล้ว,ส่งเบิกวันที่ 14/5/2569,,
22,เม.ย.69,19,50727,นายสมบูรณ์  คุ้มเนตร,สภ.บ้านแซว,รตอ.สุรกิจ วงศ์ใหญ่,081-1113254,มี,มี,มี,6/5/2569,16/5/2569,เบิกจ่ายแล้ว,ส่งเบิกวันที่ 14/5/2569,,
23,เม.ย.69,19,175273,นายก๋องแก้ว  จันแปงเงิน,สภ.บ้านแซว,รตอ.สุุรกิจ วงศ์ใหญ่,081-1113254,มี,มี,มี,6/5/2569,16/5/2569,เบิกจ่ายแล้ว,ส่งเบิกวันที่ 14/5/2569,,
24,เม.ย.69,25,38818,นายปัน  ปินไชย,สภ.บ้านแซว,,081-1113254,มี,มี,มี,29/4/2569,6/5/2569,เบิกจ่ายแล้ว,ส่งเบิกวันที่ 14/5/2569,,
25,เม.ย.69,28,136220,นายชยพล ชุ่มมงคล,สภ.เชียงแสน,รตอ.สุรกิจ วงศ์ใหญ่,088-2519691,มี,มี,มี,29/4/2569,6/5/2569,เบิกจ่ายแล้ว,ส่งเบิกวันที่ 14/5/2569,,
26,พ.ค.69,5,155001,นายประเสริฐ  สิทธินันชัย,สภ. เชียงแสน,รตอ.มงคล สุเตนัน,088-2519691,มี,มี,มี,8/5/2569,16/5/2569,เบิกจ่ายแล้ว,ส่งเบิกวันที่ 26/6/2569,,
27,พ.ค.69,26,212721,นายธนวัตน์  กุลบุตร,สภ.เชียงแสน,พ.ต.ท.ศุภกร ธนูศร,,มี,มี,มี,10/6/2569,18/6/2569,,,,
28,ก.ค.69,6,4409,นายสมาน  ชัยมณี,สภ.เชียงแสน,รตอ.มงคล สุเตนัน,088-2519691,มี,มี,มี,24/7/2569,06/08/2569,,,,
29,ส.ค.69,14,141693,นายประมวล  สร้อยเสฟ,สภ.เชียงแสน,ร.ต.ท.ยุทธชัย ศรีพรม,,มี,มี,มี,7/9/2569,15/09/2569,,,,
30,ก.ย.69,12,213728,นายนราวิชญ์  แสนน้อย,สภ.เชียงแสน,พ.ต.ท.ศุภกร ธนูศร,,มี,มี,มี,18/9/2569,23/9/2569,,,,
31,ก.ย.69,4,107644,นายศรายุทธ  อุ่นเป็ง,สภ.เชียงแสน,รตอ.อิทธิพล นิติจรัสธำรง,,มี,มี,มี,18/9/2569,23/9/2569,,,,
32,ก.ย.69,16,85768,นายวิรวิชญ์  มูลแก้ว,สภ.บ้านแซว,รตอ.สุุรกิจ วงศ์ใหญ่,,มี,มี,มี,18/9/2569,23/9/2569,,,,
33,ก.ย.69,16,150050,นายวีระชาติ เล่าวิริยะธนชัย,สภ.บ้านแซว,รตอ.สุุรกิจ วงศ์ใหญ่,,มี,มี,มี,18/9/2569,23/9/2569,,,,
34,,,,,,,,,,,,,,,,
35,,,,,,,,,,,,,,,,
36,,,,,,,,,,,,,,,,
37,,,,,,,,,,,,,,,,
38,,,,,,,,,,,,,,,,
39,,,,,,,,,,,,,,,,
40,,,,,,,,,,,,,,,,
41,,,,,,,,,,,,,,,,
42,,,,,,,,,,,,,,,,
43,,,,,,,,,,,,,,,,
44,,,,,,,,,,,,,,,,
45,,,,,,,,,,,,,,,,
46,,,,,,,,,,,,,,,,
47,,,,,,,,,,,,,,,,
48,,,,,,,,,,,,,,,,
49,,,,,,,,,,,,,,,,
50,,,,,,,,,,,,,,,,
51,,,,,,,,,,,,,,,,
52,,,,,,,,,,,,,,,,
53,,,,,,,,,,,,,,,,
54,,,,,,,,,,,,,,,,
55,,,,,,,,,,,,,,,,
56,,,,,,,,,,,,,,,,
57,,,,,,,,,,,,,,,,
58,,,,,,,,,,,,,,,,
59,,,,,,,,,,,,,,,,
60,,,,,,,,,,,,,,,,
61,,,,,,,,,,,,,,,,
62,,,,,,,,,,,,,,,,
63,,,,,,,,,,,,,,,,
64,,,,,,,,,,,,,,,,
65,,,,,,,,,,,,,,,,
66,,,,,,,,,,,,,,,,
67,,,,,,,,,,,,,,,,
68,,,,,,,,,,,,,,,,
69,,,,,,,,,,,,,,,,
70,,,,,,,,,,,,,,,,
71,,,,,,,,,,,,,,,,
72,,,,,,,,,,,,,,,,
73,,,,,,,,,,,,,,,,
74,,,,,,,,,,,,,,,,
75,,,,,,,,,,,,,,,,